burn_season,Estimate,lcl,ucl
Summer,-0.02012861344430434,-0.8296767309499745,0.7894195040613657
Fall,0.16422325547084313,-0.6838577832502916,1.0123042941919778
Winter,-0.29497552082820294,-0.9386170947619314,0.3486660531055255
