contrast,burn_season,odds.ratio,SE,df,null,z.ratio,p.value
BURN / SCRUB,Fall,1.0000064394554864,0.6529567501194958,Inf,1,9.862025652415313e-6,0.9999921312419938
BURN / SCRUB,Summer,0.4590082126257496,0.593689206704154,Inf,1,-0.6020385836780097,0.5471484545220744
BURN / SCRUB,Winter,2.2646048128122076,1.5043150247078496,Inf,1,1.2305192401883653,0.21850272663045275
