contrast,burn_season,odds.ratio,SE,df,null,z.ratio,p.value,lcl,ucl
BURN / SCRUB,Fall,0.999999965345341,0.647338873349895,Inf,1,-5.353402964868482e-8,0.9999999572860243,-0.2687609122131883,2.26876084290387
BURN / SCRUB,Summer,0.4615384819652739,0.5946966294681103,Inf,1,-0.6000653933057208,0.5484626550384837,-0.7040454935195835,1.6271224574501313
BURN / SCRUB,Winter,2.222222315293954,1.4272482091456389,Inf,1,1.243274787924265,0.21376659153886954,-0.5751327716307881,5.019577402218696
