contrast,burn_season,odds.ratio,SE,df,null,z.ratio,p.value
BURN / SCRUB,Fall,1.000002854612343,0.6473406428581064,Inf,1,4.409759295710449e-6,0.9999964815211411
BURN / SCRUB,Spring,2.1999370526275657,2.86067762925398,Inf,1,0.6063226409271166,0.5443005269228294
BURN / SCRUB,Summer,0.46154582373870945,0.5947047538833512,Inf,1,-0.60005439553320306,0.548469984231839
BURN / SCRUB,Winter,2.2222176725487164,1.427244975110808,Inf,1,1.243271754657732,0.2137677089164975
