burn.season,emmean,SE,df,lower.CL,upper.CL
Fall,0.9862694085344306,0.4637673358493458,15,-0.002227268707125196,1.9747660857759863
Spring,0.22048683788022405,0.6558660561437961,15,-1.1774585694355522,1.6184322451960003
Summer,-0.013174409205637394,0.19775105645092372,15,-0.4346708086119242,0.4083219902006494
Winter,0.08748591410597772,0.2478940682750873,15,-0.44088778506592097,0.6158596132778764
