burn.season,emmean,SE,df,lower.CL,upper.CL
Fall,0.9862695911296614,0.47522279231208314,14,-0.03298192761642171,2.0055211098757444
Summer,-0.013173787673069648,0.20263567988214917,14,-0.44778409638147676,0.42143652103533746
Winter,0.087485570332833107,0.254017267472172,14,-0.45732728344273765,0.6322984241084039
