burn.season,emmean,SE,df,lower.CL,upper.CL
Fall,0.09291129491867033,0.4823187860170823,39,-0.8826705341212352,1.0684931239585758
Summer,0.24635720116484244,0.5030145242415036,39,-0.7710857096650579,1.2638001119947428
Winter,-0.3666002431547382,0.4355247881055778,39,-1.2475322775068245,0.5143317911973482
