burn.season,emmean,SE,df,lower.CL,upper.CL
Fall,0.3982497848289516,0.2668454884454046,46,-0.13888232445430854,0.9353818941122118
Summer,-0.29507591931996774,0.3276281562773525,46,-0.9545571931727372,0.3644053545328018
Winter,0.5934516176297195,0.2888561605189957,46,0.012014323400269089,1.17488891185917
