burn.season,emmean,SE,df,lower.CL,upper.CL
Fall,0.6495053334933742,0.37433274077727263,39,-0.10765410234928952,1.4066647693360381
Summer,-0.25070009814279626,0.38528349551913227,39,-1.030009526169369,0.5286093298837764
Winter,0.41969338820896257,0.3333289034440327,39,-0.25452795817309243,1.0939147345910176
